{"credit/kl_coef_effective":1,"difficulty/avg_attempts_to_solve":4,"_step":640,"sdpo_total_datums":43,"n_sdpo_examples":43,"entropy/gap":0.028036435696275674,"cumulative_pass_rate":0.3640625,"sdpo_reward_only_count":0,"difficulty/solved_count":77,"group/groups_with_variance":35,"batch/total_sampled":640,"sdpo_kl":0.028036435696275657,"batch/solved_problems":77,"entropy/teacher":0.17904504069077906,"_timestamp":1.770556672882742e+09,"batch/response_length_mean":3007.828125,"credit/adv_std":0.6822792758846653,"n_passes":0,"batch/pass_rate":0.328125,"n_failures":43,"group/pass_rate":0.328125,"total_tokens_generated":1.539968e+06,"grpo_reward_adv_mean":0,"credit/adv_abs_max":16.87498450291241,"entropy/student":0.1510086049945034,"sdpo_tokens":166972,"batch_idx":9,"group/total_groups":160,"credit/kl_positive_frac":0.28220300409649524,"total_sampled":640,"sdpo_step":10,"batch/total_tokens_generated":1539968,"solved_problems":77,"group/groups_with_variance_pct":0.21875,"credit/adv_abs_p50":0.003069087862968445,"response_length_mean":3007.828125,"credit/adv_sparsity":0.47309129674436434,"failure_response_length_mean":3883.0697674418607,"_runtime":2646.95366075,"batch/response_length_max":16384,"fwd/clock_cycle:unique":1.18689e+06,"difficulty/unsolved_count":83,"fwd/loss:sum":-11157.360553741455,"wall_time_s":2643.7,"sdpo_denied_count":43,"credit/adv_abs_mean_raw":0.26092532984169897,"credit/adv_abs_p90":0.8377673923969269,"credit/kl_gain":1,"time_sdpo_s":22.3,"time_feedback_s":42.9,"time_total_s":331.6,"group/mean_reward":0.328125,"credit/adv_abs_mean":0.26092532984169897,"credit/adv_mean":-0.028036435696275664,"batch/cumulative_pass_rate":0.3640625,"time_sample_s":266.39,"response_length_max":16384,"loss":-11157.360553741455,"difficulty/hardest_unsolved_attempts":4,"fwd/clock_cycle:unique_1":1.186891e+06,"_wandb":{"runtime":2646},"batch_pass_rate":0.328125,"credit/solution_coverage":0}